City_ID,City,Lat,Lng,Max Temp,Humidity,Cloudiness,Wind Speed,Country,Date
0,hobart,-42.8794,147.3294,10.140000000000043,66,10,10.8,AU,1690726987
1,wembley,-31.9333,115.8,14.080000000000041,93,40,3.6,AU,1690726999
2,bethel,41.3712,-73.414,21.78000000000003,63,0,5.66,US,1690726772
3,eyl,7.9803,49.8164,26.930000000000007,71,88,12.1,SO,1690727000
4,balabac,7.9868,117.0645,27.879999999999995,76,63,1.64,PH,1690727000
5,pochutla,15.7432,-96.4661,24.900000000000034,87,100,1.29,MX,1690727001
6,kasongo-lunda,-6.4667,16.8167,38.57000000000005,18,5,1.18,CD,1690727001
7,bambous virieux,-20.3428,57.7575,23.140000000000043,64,40,2.57,MU,1690727002
8,chongwe,-15.3292,28.682,30.810000000000002,14,92,2.32,ZM,1690727002
9,avarua,-21.2078,-159.775,22.03000000000003,100,100,1.03,CK,1690727003
10,college,64.8569,-147.8028,16.439999999999998,87,75,2.57,US,1690726745
11,muros,42.7762,-9.0603,28.160000000000025,63,1,5.9,ES,1690727004
12,sokolka,53.4072,23.5023,24.010000000000048,47,97,5.2,PL,1690727005
13,punta arenas,-53.15,-70.9167,-1.0499999999999545,100,34,7.07,CL,1690727006
14,arrifes,37.7667,-25.7,23.140000000000043,83,20,7.2,PT,1690727006
15,rikitea,-23.1203,-134.9692,20.620000000000005,65,66,10.94,PF,1690726730
16,mataura,-46.1927,168.8643,10.270000000000039,95,19,1.91,NZ,1690727007
17,puerto ayora,-0.7393,-90.3518,26.980000000000018,89,55,1.79,EC,1690727007
18,geraldton,-28.7667,114.6,10.230000000000018,100,0,2.06,AU,1690727008
19,hasaki,35.7333,140.8333,27.950000000000045,87,1,6.72,JP,1690727008
20,port alfred,-33.5906,26.891,13.990000000000009,67,70,4.02,ZA,1690727009
21,upernavik,72.7868,-56.1549,4.0,86,100,4.1,GL,1690727010
22,caravelas,-17.7125,-39.2481,21.99000000000001,86,100,6.37,BR,1690727010
23,tucuman,-26.8241,-65.2226,19.0,55,0,3.6,AR,1690727010
24,barberton,-25.7884,31.0532,23.05000000000001,12,0,3.77,ZA,1690727011
25,miramar,25.9873,-80.2323,33.34000000000003,79,0,4.12,US,1690727011
26,arraial do cabo,-22.9661,-42.0278,20.980000000000018,77,75,2.06,BR,1690727013
27,albany,42.6001,-73.9662,19.74000000000001,67,0,0.89,US,1690726810
28,brae,60.3964,-1.353,16.400000000000034,73,9,2.08,GB,1690727013
29,yellowknife,62.456,-114.3525,17.29000000000002,88,75,3.6,CA,1690726810
30,samarai,-10.6167,150.6667,25.04000000000002,86,100,6.89,PG,1690727015
31,vaini,-21.2,-175.2,17.090000000000032,88,20,2.57,TO,1690727015
32,hermanus,-34.4187,19.2345,13.220000000000027,79,100,11.61,ZA,1690727016
33,dwarka,22.2394,68.9678,27.99000000000001,86,98,9.6,IN,1690727016
34,new norfolk,-42.7826,147.0587,9.950000000000045,69,9,5.1,AU,1690727017
35,hithadhoo,-0.6,73.0833,27.860000000000014,74,100,2.04,MV,1690727018
36,esperantina,-3.9017,-42.2336,35.110000000000014,31,0,2.41,BR,1690727018
37,bluff,-46.6,168.3333,10.450000000000045,81,74,7.05,NZ,1690727019
38,ushuaia,-54.8,-68.3,0.8100000000000023,64,40,6.69,AR,1690727019
39,ponta do sol,32.6667,-17.1,29.28000000000003,65,1,0.82,PT,1690727020
40,hilo,19.7297,-155.09,22.57000000000005,68,100,3.6,US,1690726817
41,kutahya,39.4242,29.9833,27.720000000000027,25,0,5.72,TR,1690727021
42,mercedes,-34.6515,-59.4307,15.020000000000039,58,89,4.25,AR,1690727022
43,narsaq,60.9167,-46.05,15.120000000000005,56,78,2.26,GL,1690727022
44,krasnoselkup,65.7,82.4667,23.430000000000007,62,89,4.54,RU,1690727023
45,barrow,71.2906,-156.7887,13.010000000000048,94,100,3.6,US,1690727023
46,celestun,20.8667,-90.4,27.860000000000014,77,86,2.67,MX,1690727024
47,kamogawa,35.1,140.1,26.620000000000005,85,36,5.52,JP,1690727024
48,macamic,48.7502,-78.9996,12.910000000000025,93,100,3.72,CA,1690727025
49,chuy,-33.6971,-53.4616,13.170000000000016,65,92,3.98,UY,1690727025
50,dikson,73.5069,80.5464,1.7000000000000455,97,100,7.21,RU,1690727026
51,saskylakh,71.9167,114.0833,17.58000000000004,48,9,5.98,RU,1690727026
52,sola,-13.8833,167.55,24.200000000000045,70,17,8.88,VU,1690727027
53,namatanai,-3.6667,152.4333,25.49000000000001,85,100,1.83,PG,1690727027
54,labuhan,-6.8844,112.2051,24.480000000000018,74,82,4.44,ID,1690727028
55,lebu,-37.6167,-73.65,12.710000000000036,88,100,1.67,CL,1690727029
56,ilulissat,69.2167,-51.1,7.010000000000048,87,75,2.06,GL,1690727029
57,atuona,-9.8,-139.0333,25.910000000000025,73,97,10.61,PF,1690727030
58,cabedelo,-6.9811,-34.8339,28.370000000000005,75,26,6.53,BR,1690727031
59,santa fe,-31.6333,-60.7,18.860000000000014,60,7,4.92,AR,1690726809
60,tuktoyaktuk,69.4541,-133.0374,17.0,88,40,3.6,CA,1690727032
61,santa cruz de la palma,28.6835,-17.7642,27.08000000000004,61,0,6.69,ES,1690727032
62,poronaysk,49.2167,143.1167,15.230000000000018,99,100,1.26,RU,1690727032
63,banaue,16.9136,121.0618,19.920000000000016,98,100,0.86,PH,1690727033
64,mount isa,-20.7333,139.5,13.870000000000005,67,54,0.0,AU,1690727033
65,busselton,-33.65,115.3333,14.710000000000036,74,100,3.05,AU,1690727034
66,sebeta,8.9167,38.6167,17.680000000000007,80,70,0.81,ET,1690727034
67,leningradskiy,69.3833,178.4167,5.1299999999999955,94,100,2.04,RU,1690727035
68,fortuna,40.5982,-124.1573,15.189999999999998,93,100,0.0,US,1690727036
69,jamestown,42.097,-79.2353,21.420000000000016,72,0,3.09,US,1690727036
70,luderitz,-26.6481,15.1594,16.180000000000007,42,0,11.27,NA,1690727037
71,faya,18.3851,42.4509,24.29000000000002,38,68,4.24,SA,1690727037
72,prieska,-29.6641,22.7474,11.620000000000005,29,0,7.56,ZA,1690727038
73,mar del plata,-38.0023,-57.5575,14.490000000000009,79,0,6.17,AR,1690727038
74,saint george,37.1041,-113.5841,28.57000000000005,53,0,1.54,US,1690726862
75,pevek,69.7008,170.3133,2.1899999999999977,98,100,2.93,RU,1690727039
76,baykit,61.67,96.37,21.29000000000002,81,92,2.57,RU,1690727040
77,taltal,-25.4,-70.4833,18.120000000000005,67,43,1.55,CL,1690727040
78,nioro,13.35,-15.75,25.78000000000003,80,100,3.21,GM,1690727040
79,lucapa,-8.4192,20.7447,35.57000000000005,12,60,1.73,AO,1690727041
80,nokaneng,-19.6667,22.2667,21.28000000000003,14,0,4.61,BW,1690727041
81,kodiak,57.79,-152.4072,13.730000000000018,72,100,4.12,US,1690727042
82,mogadishu,2.0371,45.3438,25.720000000000027,79,19,9.1,SO,1690727042
83,torbay,47.6666,-52.7314,17.53000000000003,100,100,4.12,CA,1690727043
84,qaanaaq,77.484,-69.3632,7.970000000000027,79,24,1.31,GL,1690727043
85,abonnema,4.7084,6.7931,32.160000000000025,76,100,3.62,NG,1690727044
86,teotitlan,18.1319,-97.0767,20.310000000000002,96,100,1.32,MX,1690727044
87,saint-philippe,-21.3585,55.7679,21.77000000000004,75,43,4.27,RE,1690727044
88,airai,-8.9266,125.4092,13.379999999999995,78,53,1.68,TL,1690727045
89,chardara,41.2547,67.9692,35.25,17,0,6.98,KZ,1690727045
90,non sung,15.1801,102.2569,27.400000000000034,79,100,5.89,TH,1690727046
91,nador,35.174,-2.9287,37.04000000000002,45,0,2.57,MA,1690727047
92,chapais,49.7834,-74.8492,13.879999999999995,88,100,4.45,CA,1690727047
93,conceicao do araguaia,-8.2578,-49.2647,34.84000000000003,26,36,2.41,BR,1690727047
94,qaqortoq,60.7167,-46.0333,7.970000000000027,74,78,2.36,GL,1690727048
95,karwar,14.8,74.1333,25.189999999999998,88,100,4.46,IN,1690727050
96,homer,59.6425,-151.5483,14.32000000000005,88,0,0.0,US,1690727050
97,griffith,41.5284,-87.4237,24.730000000000018,70,0,2.06,US,1690727051
98,klaksvik,62.2266,-6.589,12.510000000000048,91,48,3.5,FO,1690727051
99,provideniya,64.3833,-173.3,8.700000000000045,99,100,3.17,RU,1690727052
100,mount gambier,-37.8333,140.7667,10.520000000000039,74,3,5.15,AU,1690727034
101,mayumba,-3.432,10.6554,22.82000000000005,75,54,3.92,GA,1690727058
102,batemans bay,-35.7167,150.1833,13.390000000000043,56,0,4.16,AU,1690727058
103,beringovskiy,63.05,179.3167,8.900000000000034,96,100,4.23,RU,1690727059
104,carnarvon,-24.8667,113.6333,18.370000000000005,56,0,5.89,AU,1690727059
105,navahrudak,53.6,25.8333,19.32000000000005,84,97,2.45,BY,1690727060
106,victoria,22.2855,114.1577,29.620000000000005,89,99,2.68,HK,1690726951
107,mildura,-34.2,142.15,9.480000000000018,84,0,4.18,AU,1690727061
108,souillac,-20.5167,57.5167,23.210000000000036,64,40,2.57,MU,1690727061
109,tasiilaq,65.6145,-37.6368,8.090000000000032,80,100,0.66,GL,1690727062
110,faanui,-16.4833,-151.75,26.680000000000007,69,100,7.46,PF,1690727063
111,lazaro cardenas,17.9583,-102.2,28.129999999999995,79,100,1.83,MX,1690727063
112,fort nelson,58.8053,-122.7002,13.860000000000014,90,20,0.0,CA,1690727064
113,talnakh,69.4865,88.3972,21.230000000000018,81,99,1.72,RU,1690727064
114,georgetown,5.4112,100.3354,30.970000000000027,68,20,5.14,MY,1690726977
115,aripuana,-9.1667,-60.6333,31.25,28,98,2.16,BR,1690727065
116,takoradi,4.8845,-1.7554,25.960000000000036,81,70,3.99,GH,1690727065
117,elko,41.0002,-115.5012,18.689999999999998,32,39,0.89,US,1690727066
118,nikolskoye,59.7035,30.7861,23.77000000000004,37,30,1.87,RU,1690727066
119,mporokoso,-9.3727,30.125,30.720000000000027,11,15,3.37,ZM,1690727067
120,gat,31.61,34.7642,33.0,8,0,5.45,IL,1690726871
121,kapaa,22.0752,-159.319,24.180000000000007,91,100,8.23,US,1690727068
122,kieta,-6.2167,155.6333,24.700000000000045,94,100,2.28,PG,1690727068
123,lima,-12.0432,-77.0282,20.5,81,100,4.12,PE,1690727067
124,tikapur,28.5,81.1333,29.160000000000025,78,83,1.83,NP,1690727069
125,luanda,-8.8368,13.2343,21.0,83,75,4.12,AO,1690727070
126,oum hadjer,13.2954,19.6966,37.52000000000004,29,69,5.97,TD,1690727070
127,bridlington,54.0831,-0.1919,20.5,62,96,4.92,GB,1690727071
128,nome,64.5011,-165.4064,9.04000000000002,100,100,3.09,US,1690727071
129,kabo,7.6994,18.629,31.260000000000048,57,97,1.8,CF,1690727072
130,severo-yeniseyskiy,60.3725,93.0408,16.140000000000043,97,100,2.1,RU,1690727072
131,sao filipe,14.8961,-24.4956,26.05000000000001,73,100,1.63,CV,1690727073
132,mantua,45.1667,10.7833,31.860000000000014,61,50,1.79,IT,1690726981
133,tiksi,71.6872,128.8694,2.0100000000000477,93,96,3.65,RU,1690727074
134,alice springs,-23.7,133.8833,14.75,88,40,0.51,AU,1690726964
135,butaritari,3.0707,172.7902,27.870000000000005,75,72,1.74,KI,1690727075
136,waipawa,-41.4122,175.5153,4.050000000000011,84,0,2.59,NZ,1690727075
137,berdigestyakh,62.0989,126.6992,13.470000000000027,56,0,1.85,RU,1690727076
138,hobyo,5.3505,48.5268,26.060000000000002,75,26,12.44,SO,1690727076
139,whitehorse,60.7161,-135.0538,13.230000000000018,71,40,3.09,CA,1690727077
140,koppang,61.5706,11.0555,19.650000000000034,58,82,2.7,NO,1690727077
141,hami,42.8,93.45,29.80000000000001,28,100,6.72,CN,1690727077
142,truth or consequences,33.1284,-107.2528,26.200000000000045,49,0,3.09,US,1690727040
143,isangel,-19.55,169.2667,18.939999999999998,68,6,4.08,VU,1690727078
144,ribeira grande,38.5167,-28.7,25.220000000000027,94,40,3.6,PT,1690727079
145,dali,25.7,100.1833,18.890000000000043,89,75,1.47,CN,1690726911
146,khatanga,71.9667,102.5,25.04000000000002,42,4,4.04,RU,1690727079
147,imbituba,-28.24,-48.6703,16.03000000000003,56,0,5.38,BR,1690727080
148,asau,46.4333,26.4,28.510000000000048,48,100,1.66,RO,1690727080
149,buritizeiro,-17.3511,-44.9622,27.710000000000036,42,31,3.88,BR,1690727081
150,dingle,10.9995,122.6711,25.200000000000045,86,100,3.87,PH,1690727081
151,deputatskiy,69.3,139.9,2.330000000000041,82,98,2.53,RU,1690727082
152,saint-augustin,51.226,-58.6502,14.710000000000036,71,97,4.72,CA,1690727082
153,ahipara,-35.1667,173.1667,9.120000000000005,88,1,0.84,NZ,1690727083
154,poum,-20.2333,164.0167,21.150000000000034,67,19,3.58,NC,1690727084
155,touros,-5.1989,-35.4608,28.879999999999995,64,42,7.39,BR,1690727084
156,tairua,-37.0167,175.85,8.450000000000045,89,7,1.82,NZ,1690727085
157,eydhafushi,5.1033,73.0708,28.74000000000001,72,47,5.37,MV,1690727085
158,shingu,33.7333,135.9833,25.340000000000032,93,85,1.05,JP,1690726839
159,chokurdakh,70.6333,147.9167,2.0300000000000296,93,100,3.57,RU,1690727086
160,scottsbluff,41.8666,-103.6672,22.129999999999995,88,100,6.17,US,1690727086
161,bac lieu,9.285,105.7244,26.950000000000045,85,100,3.78,VN,1690727087
162,nanortalik,60.1432,-45.2371,7.660000000000025,77,22,2.6,GL,1690727087
163,najran,17.4924,44.1277,39.360000000000014,10,74,7.5,SA,1690727087
164,yulara,-25.2406,130.9889,18.05000000000001,41,34,2.95,AU,1690726678
165,esperance,-33.8667,121.9,12.970000000000027,82,1,0.91,AU,1690727089
166,sur,22.5667,59.5289,35.379999999999995,53,1,0.84,OM,1690727089
167,mubi,10.2676,13.2644,31.010000000000048,52,84,4.64,NG,1690727090
168,tuatapere,-46.1333,167.6833,7.32000000000005,91,88,3.39,NZ,1690727090
169,hualmay,-11.0964,-77.6139,20.200000000000045,75,30,3.37,PE,1690727091
170,zhigansk,66.7697,123.3711,10.990000000000009,53,0,8.03,RU,1690727091
171,cayenne,4.9333,-52.3333,30.02000000000004,66,75,2.57,GF,1690727092
172,cabo san lucas,22.8909,-109.9124,31.400000000000034,70,0,0.45,MX,1690727092
173,skibbereen,51.55,-9.2667,16.170000000000016,97,100,10.39,IE,1690727092
174,stornoway,58.2093,-6.3865,18.939999999999998,71,75,3.09,GB,1690727093
175,chulumani,-16.4096,-67.5263,22.410000000000025,53,0,1.6,BO,1690727094
176,talcahuano,-36.7167,-73.1167,11.82000000000005,100,0,3.6,CL,1690727094
177,gamba,-2.65,10.0,23.810000000000002,71,51,4.87,GA,1690727095
178,egvekinot,66.3167,-179.1667,6.860000000000014,99,100,2.01,RU,1690727095
179,marsabit,2.3284,37.9899,24.439999999999998,45,61,8.57,KE,1690727096
180,cidreira,-30.1811,-50.2056,16.55000000000001,66,0,4.29,BR,1690727096
181,salalah,17.0151,54.0924,25.129999999999995,91,84,3.57,OM,1690726887
182,tabou,4.423,-7.3528,26.610000000000014,76,97,4.51,CI,1690727097
183,guerrero negro,27.9769,-114.0611,21.129999999999995,78,51,2.02,MX,1690727098
184,khani,41.9563,42.9566,18.760000000000048,88,98,1.52,GE,1690727098
185,kampong thum,12.7111,104.8887,25.900000000000034,89,100,1.85,KH,1690726945
186,thompson,55.7435,-97.8558,16.090000000000032,82,0,2.57,CA,1690727099
187,xai-xai,-25.0519,33.6442,23.5,52,24,5.89,MZ,1690727099
188,palmer,42.1584,-72.3287,20.80000000000001,62,20,4.12,US,1690727100
189,bedesa,8.9,40.7833,26.629999999999995,52,57,2.86,ET,1690727100
190,pierre,44.3683,-100.351,22.930000000000007,68,0,7.2,US,1690727100
191,hokitika,-42.7167,170.9667,7.03000000000003,81,34,2.09,NZ,1690727101
192,karratha,-20.7377,116.8463,22.02000000000004,25,55,3.52,AU,1690727101
193,bredasdorp,-34.5322,20.0403,11.090000000000032,71,100,10.66,ZA,1690727102
194,ishii,34.0667,134.4333,26.950000000000045,83,40,6.17,JP,1690727102
195,bastia,42.6667,9.3333,33.89000000000004,69,20,3.6,FR,1690727103
196,zabid,14.1951,43.3152,36.31,41,85,4.44,YE,1690727103
197,cururupu,-1.8283,-44.8683,30.78000000000003,57,0,3.66,BR,1690727104
198,lavrentiya,65.5833,-171.0,7.7000000000000455,98,100,3.71,RU,1690727104
199,omsukchan,62.5333,155.8,8.79000000000002,69,100,1.26,RU,1690727105
200,rayachoti,14.05,78.75,30.090000000000032,51,100,6.39,IN,1690727105
201,tahe,52.3333,124.7333,18.660000000000025,77,8,1.65,CN,1690727106
202,kelapa sawit,1.6698,103.5327,28.930000000000007,78,20,2.06,MY,1690727106
203,porosozero,62.7191,32.727,19.82000000000005,68,67,2.64,RU,1690726818
204,vestmanna,62.1564,-7.1664,11.510000000000048,87,100,4.63,FO,1690727107
205,lompoc,34.6391,-120.4579,14.080000000000041,100,100,1.54,US,1690727107
206,ikom,5.9667,8.7063,28.860000000000014,72,92,1.41,NG,1690727108
207,longyearbyen,78.2186,15.6401,8.910000000000025,57,75,5.14,SJ,1690726850
208,komsomolskiy,40.4272,71.7189,35.400000000000034,24,0,3.09,UZ,1690727108
209,vertientes,21.2594,-78.1464,30.340000000000032,72,5,3.48,CU,1690727109
210,taggia,43.8485,7.8545,29.970000000000027,68,23,4.11,IT,1690727109
211,kuvandyk,51.4781,57.3552,24.83000000000004,64,68,5.05,RU,1690727110
212,pombas,17.1503,-25.0201,27.879999999999995,80,70,5.18,CV,1690727110
213,ngunguru,-35.6167,174.5,9.200000000000045,88,14,2.43,NZ,1690727112
214,damghan,36.1683,54.348,34.710000000000036,15,0,6.69,IR,1690727113
215,bahia honda,22.9036,-83.1592,28.879999999999995,75,70,2.75,CU,1690727114
216,te anau,-45.4167,167.7167,7.78000000000003,92,99,3.0,NZ,1690727114
217,biltine,14.5333,20.9167,39.18000000000001,21,100,4.25,TD,1690727115
218,dryden,49.7833,-92.7503,16.160000000000025,77,0,3.6,CA,1690727115
219,arlit,18.7369,7.3853,42.420000000000016,8,0,1.26,NE,1690727115
220,beloha,-25.1667,45.05,22.29000000000002,45,53,4.39,MG,1690727116
221,erdenet,49.0333,104.0833,19.340000000000032,77,99,2.83,MN,1690727116
222,qasigiannguit,68.8193,-51.1922,7.140000000000043,82,99,2.13,GL,1690727117
223,duldurga,50.6761,113.5931,24.57000000000005,45,97,1.29,RU,1690727117
224,keratea,37.8073,23.9769,34.43000000000001,25,20,6.17,GR,1690727118
225,bada,51.392,109.8717,22.590000000000032,70,53,0.93,RU,1690727119
226,cockburn town,21.4612,-71.1419,28.629999999999995,80,99,7.22,TC,1690727119
227,kavieng,-2.5744,150.7967,27.360000000000014,81,100,3.25,PG,1690727119
228,wenling,28.3669,121.36,25.470000000000027,88,91,0.18,CN,1690727120
229,kruisfontein,-34.0033,24.7314,12.160000000000025,67,100,11.08,ZA,1690727120
230,nantucket,41.2835,-70.0995,22.03000000000003,80,100,5.66,US,1690726925
231,zamora,-4.0692,-78.9567,25.49000000000001,99,100,0.45,EC,1690727121
232,kaitangata,-46.2817,169.8464,4.740000000000009,87,4,2.58,NZ,1690727122
233,constitucion,-35.3333,-72.4167,14.930000000000007,78,100,2.54,CL,1690727122
234,ancud,-41.8697,-73.8203,10.600000000000023,90,100,4.9,CL,1690727123
235,inzhavino,52.3185,42.4937,22.720000000000027,57,17,4.85,RU,1690727123
236,kahta,37.7855,38.6237,38.69,8,0,4.12,TR,1690727123
237,bilibino,68.0546,166.4372,5.07000000000005,94,100,1.11,RU,1690727124
238,east london,-33.0153,27.9116,16.52000000000004,41,0,12.35,ZA,1690727124
239,westport,41.1415,-73.3579,23.010000000000048,62,0,3.6,US,1690726984
240,smolenka,52.1352,113.4974,22.04000000000002,83,100,1.0,RU,1690727125
241,charters towers,-20.1,146.2667,15.720000000000027,75,6,2.84,AU,1690727126
242,muriwai beach,-36.8167,174.45,7.460000000000036,89,0,0.19,NZ,1690727126
243,padilla,3.2204,-76.3139,24.760000000000048,62,28,1.27,CO,1690727127
244,mahebourg,-20.4081,57.7,23.160000000000025,64,40,2.57,MU,1690727127
245,havre-saint-pierre,50.2334,-63.5986,16.200000000000045,88,100,4.63,CA,1690727128
246,kaputa,-8.4689,29.6619,29.160000000000025,25,36,1.26,ZM,1690727128
247,kargat,55.1956,80.2811,19.510000000000048,85,14,2.02,RU,1690727129
248,charlottetown,46.2352,-63.1267,22.53000000000003,62,40,3.6,CA,1690726843
249,nueva loja,0.0847,-76.8828,20.04000000000002,99,100,1.04,EC,1690727130
250,beyneu,45.3167,55.2,34.14000000000004,23,99,7.38,KZ,1690727130
251,hauterive,46.0901,3.4459,25.420000000000016,31,79,3.67,FR,1690727131
252,sao felix do xingu,-6.6447,-51.995,34.870000000000005,29,76,1.51,BR,1690727131
253,norman wells,65.282,-126.8329,14.020000000000039,88,40,1.03,CA,1690727132
254,bonga,7.2833,36.2333,21.29000000000002,95,96,1.09,ET,1690727132
255,mao,39.8885,4.2658,28.310000000000002,78,75,5.14,ES,1690727132
256,buchanan,5.8808,-10.0467,26.670000000000016,77,100,3.17,LR,1690727133
257,skjervoy,70.0311,20.9714,15.0,92,98,0.65,NO,1690727134
258,sitka,57.0531,-135.33,14.939999999999998,82,100,3.6,US,1690727134
259,walvis bay,-22.9575,14.5053,16.720000000000027,46,0,11.57,NA,1690727135
260,atbasar,51.8,68.3333,25.360000000000014,44,11,5.69,KZ,1690727135
261,rio gallegos,-51.6226,-69.2181,0.8100000000000023,72,5,10.51,AR,1690727135
262,okhotsk,59.3833,143.3,13.03000000000003,93,100,3.79,RU,1690727136
263,arkhangelsk,64.5401,40.5433,21.360000000000014,54,100,2.71,RU,1690727136
264,alofi,-19.0595,-169.9187,19.939999999999998,94,100,4.12,NU,1690727137
265,rio bananal,-19.265,-40.3333,21.02000000000004,76,100,4.48,BR,1690727137
266,agirish,61.9247,63.0231,24.75,41,0,2.64,RU,1690727138
267,barzas,55.7167,86.3167,18.02000000000004,95,94,2.21,RU,1690727139
268,almaznyy,48.0448,40.045,25.439999999999998,45,98,1.87,RU,1690727139
269,hailey,43.5196,-114.3153,22.710000000000036,51,40,3.09,US,1690727140
270,san luis,-33.295,-66.3356,17.680000000000007,35,100,1.81,AR,1690727141
271,la rioja,42.25,-2.5,24.879999999999995,39,13,4.67,ES,1690727141
272,port elizabeth,-33.918,25.5701,13.390000000000043,58,20,11.32,ZA,1690726866
273,opuwo,-18.0607,13.84,27.950000000000045,10,0,1.79,NA,1690727142
274,letterkenny,54.95,-7.7333,16.939999999999998,82,100,3.63,IE,1690727142
275,tigbao,12.5546,123.3389,28.090000000000032,79,82,8.03,PH,1690727143
276,saldanha,-33.0117,17.9442,14.03000000000003,66,100,6.2,ZA,1690727143
277,santa cruz,-17.8,-63.1667,25.03000000000003,61,0,5.14,BO,1690727144
278,tarata,-17.6167,-66.0167,15.680000000000007,39,0,0.97,BO,1690727144
279,rognan,67.0953,15.3878,19.470000000000027,53,20,2.84,NO,1690727145
280,kurumkan,54.3,110.3,20.110000000000014,86,98,2.16,RU,1690727145
281,dongsheng,39.8161,109.9776,19.010000000000048,86,100,9.81,CN,1690727145
282,pitimbu,-7.4706,-34.8086,28.33000000000004,73,27,6.57,BR,1690727146
283,san cristobal,7.7669,-72.225,27.100000000000023,65,98,3.25,VE,1690727146
284,kenitra,34.261,-6.5802,27.420000000000016,60,8,5.51,MA,1690727147
285,kashi,39.4547,75.9797,27.560000000000002,24,40,10.0,CN,1690727147
286,yar-sale,66.8333,70.8333,20.33000000000004,55,13,4.2,RU,1690727148
287,port macquarie,-31.4333,152.9167,15.5,73,97,2.64,AU,1690727006
288,guayaramerin,-10.8368,-65.3614,29.03000000000003,61,0,4.63,BO,1690727149
289,sabang,5.8933,95.3214,28.27000000000004,80,71,10.61,ID,1690727149
290,san julian,21.0167,-102.1667,15.450000000000045,75,97,1.73,MX,1690727149
291,clyde river,70.4692,-68.5914,10.129999999999995,76,75,7.2,CA,1690727150
292,tyukhtet,56.5389,89.3011,18.170000000000016,91,13,1.98,RU,1690726878
293,laguna,38.421,-121.4238,21.650000000000034,69,0,3.6,US,1690727112
294,kudahuvadhoo,2.6708,72.8944,28.57000000000005,72,79,3.3,MV,1690727151
295,halifax,44.6453,-63.5724,22.470000000000027,72,59,2.68,CA,1690726890
296,ravar,31.2656,56.8055,36.28000000000003,13,0,6.59,IR,1690727152
297,ketchikan,55.3422,-131.6461,16.260000000000048,82,100,1.54,US,1690727153
298,whitianga,-36.8333,175.7,8.07000000000005,90,7,1.7,NZ,1690727153
299,katsuura,35.1333,140.3,26.680000000000007,86,47,6.46,JP,1690727154
300,cherskiy,68.75,161.3,4.7900000000000205,98,100,1.96,RU,1690727154
301,vila franca do campo,37.7167,-25.4333,24.230000000000018,59,2,2.2,PT,1690727155
302,hofn,64.2539,-15.2082,12.010000000000048,76,75,4.63,IS,1690727155
303,zhangjiakou,40.81,114.8794,20.370000000000005,95,100,1.31,CN,1690727156
304,tafresh,34.692,50.013,30.189999999999998,19,1,10.16,IR,1690727156
305,amapa,1.0,-52.0,31.260000000000048,52,7,2.53,BR,1690727157
306,ust-karsk,52.7011,118.8077,22.49000000000001,55,91,1.87,RU,1690727157
307,san patricio,28.017,-97.5169,31.920000000000016,68,4,2.34,US,1690727158
308,rocha,-34.4833,-54.3333,15.160000000000025,51,62,4.28,UY,1690727158
309,tatui,-23.3556,-47.8569,19.25,55,0,4.0,BR,1690727158
310,ishigaki,24.3448,124.1572,27.07000000000005,94,48,1.03,JP,1690727159
311,suksun,57.1431,57.3949,27.100000000000023,49,0,4.46,RU,1690727160
312,makubetsu,45.3714,141.8211,22.680000000000007,95,37,5.81,JP,1690727160
313,lingao,19.9103,109.6859,26.970000000000027,89,100,3.68,CN,1690727160
314,paamiut,61.994,-49.6678,4.4500000000000455,94,42,6.68,GL,1690727161
315,srednekolymsk,67.45,153.6833,3.0200000000000387,89,19,1.48,RU,1690727161
316,sinop,41.7711,34.8709,21.629999999999995,63,4,3.49,TR,1690727162
317,bogomila,41.5931,21.4717,34.10000000000002,28,8,0.66,MK,1690727162
318,tonota,-21.4833,27.4833,22.29000000000002,13,0,5.88,BW,1690727163
319,la asuncion,11.0333,-63.8628,28.090000000000032,76,100,5.33,VE,1690727163
320,bandarbeyla,9.4942,50.8122,25.900000000000034,76,52,14.55,SO,1690727164
321,dalnegorsk,44.5604,135.5701,21.03000000000003,91,100,1.86,RU,1690727164
322,vila velha,-20.3297,-40.2925,20.970000000000027,92,100,3.6,BR,1690727165
323,atambua,-9.1061,124.8925,20.920000000000016,89,48,2.62,ID,1690727165
324,utinga,-5.8172,-35.3954,26.220000000000027,94,75,6.17,BR,1690727166
325,margate,51.3813,1.3862,18.82000000000005,80,100,4.02,GB,1690727166
326,severo-kurilsk,50.6789,156.125,11.07000000000005,98,100,5.91,RU,1690727167
327,mahajanga,-15.7167,46.3167,28.010000000000048,65,20,4.12,MG,1690727168
328,troitskiy,57.0603,63.7481,23.110000000000014,62,100,2.4,RU,1690727169
329,waingapu,-9.6567,120.2641,23.730000000000018,86,42,4.43,ID,1690727169
330,fairbanks,64.8378,-147.7164,16.450000000000045,87,100,2.57,US,1690727170
331,ulladulla,-35.35,150.4667,14.920000000000016,52,0,4.44,AU,1690727085
332,tonekabon,36.8163,50.8738,25.970000000000027,86,82,1.42,IR,1690727171
333,nizwa,22.9333,57.5333,28.150000000000034,64,90,6.05,OM,1690727171
334,bogandinskiy,56.8937,65.8938,24.180000000000007,63,98,2.63,RU,1690727172
335,wattegama,6.7989,81.4808,28.310000000000002,63,96,2.45,LK,1690727172
336,coquimbo,-29.9533,-71.3436,11.850000000000023,87,100,1.03,CL,1690727173
337,gisborne,-38.6533,178.0042,5.800000000000011,89,3,3.04,NZ,1690727173
338,yining,29.0361,114.5636,25.78000000000003,93,23,1.53,CN,1690727173
339,byron bay,-28.65,153.6167,15.580000000000041,81,38,4.01,AU,1690726965
340,chaozhou,23.6651,116.6379,26.920000000000016,90,100,1.55,CN,1690727175
341,tigzirt,36.8886,4.1198,30.78000000000003,65,83,3.29,DZ,1690727176
342,lufilufi,-13.8745,-171.5986,23.879999999999995,79,98,5.12,WS,1690727176
343,ojuelos de jalisco,21.8667,-101.5833,14.170000000000016,83,95,3.23,MX,1690727177
344,san quintin,30.4833,-115.95,20.79000000000002,85,100,1.33,MX,1690727177
345,pimenta bueno,-11.6725,-61.1936,31.55000000000001,30,3,2.24,BR,1690727178
346,vostok,46.4856,135.8833,16.58000000000004,95,6,1.9,RU,1690727178
347,evensk,61.95,159.2333,8.860000000000014,83,100,0.56,RU,1690727179
348,perth,-31.9333,115.8333,14.07000000000005,93,40,3.6,AU,1690726966
349,north platte,41.1239,-100.7654,23.950000000000045,86,40,3.6,US,1690727180
350,palauig,15.435,119.9045,26.430000000000007,89,100,2.83,PH,1690727181
351,sumbe,-11.2061,13.8437,22.390000000000043,72,11,4.04,AO,1690727181
352,raudeberg,61.9875,5.1352,15.53000000000003,87,100,5.16,NO,1690727182
353,maastricht,50.8483,5.6889,22.29000000000002,63,75,7.2,NL,1690727183
354,kinablangan,7.6947,126.5503,26.480000000000018,86,100,3.26,PH,1690727183
355,nuristan,35.3,70.8333,11.610000000000014,68,97,0.6,AF,1690727184
356,lengshuitan,26.4111,111.5956,26.090000000000032,86,61,2.1,CN,1690727184
357,kamenka,51.3223,42.7678,22.120000000000005,56,22,5.61,RU,1690727185
358,korla,41.7597,86.1469,25.640000000000043,50,100,7.08,CN,1690727185
359,namibe,-15.1961,12.1522,21.260000000000048,57,12,3.89,AO,1690727186
360,marzuq,14.4,46.4667,33.22000000000003,32,37,4.94,YE,1690727186
361,sorong,-0.8833,131.25,26.390000000000043,88,84,3.52,ID,1690727187
362,lipany,49.1538,20.9638,21.52000000000004,84,100,0.93,SK,1690727187
363,roma,43.2128,-75.4557,20.32000000000005,64,40,3.6,US,1690726922
364,santana,-0.0583,-51.1817,32.10000000000002,70,40,6.69,BR,1690727188
365,fairfield,41.2668,-73.3162,22.090000000000032,57,0,5.66,US,1690727141
366,bumba,2.1833,22.4667,32.08000000000004,48,12,1.41,CD,1690727189
367,londa,15.4691,74.5191,23.629999999999995,93,100,3.82,IN,1690727190
368,bhowali,29.3833,79.5167,18.379999999999995,94,50,0.24,IN,1690727190
369,venice,27.0998,-82.4543,32.26000000000005,74,0,2.68,US,1690727191
370,miechow,50.3565,20.0279,24.360000000000014,62,100,1.42,PL,1690727191
371,tilichiki,60.4667,166.1,7.800000000000011,74,90,1.13,RU,1690727192
372,ukhta,63.5671,53.6835,29.189999999999998,42,5,3.05,RU,1690727192
373,oranjemund,-28.55,16.4333,13.050000000000011,60,0,5.81,NA,1690727193
374,kamakwie,9.5,-12.2333,25.83000000000004,90,100,2.35,SL,1690727193
375,kralendijk,12.15,-68.2667,30.99000000000001,74,75,7.2,BQ,1690726635
376,dunedin,-45.8742,170.5036,7.110000000000014,85,3,2.46,NZ,1690727194
377,hermiston,45.8404,-119.2895,21.08000000000004,52,0,4.12,US,1690727195
378,amahai,-3.3333,128.9167,25.07000000000005,90,95,2.32,ID,1690727196
379,kirksville,40.1948,-92.5833,24.77000000000004,76,0,3.09,US,1690727196
380,biysk,52.5364,85.2072,24.210000000000036,52,94,2.8,RU,1690727197
381,camacha,33.0833,-16.3333,24.680000000000007,73,40,5.66,PT,1690727197
382,pangnirtung,66.1451,-65.7125,9.300000000000011,70,76,1.41,CA,1690727198
383,dera bugti,29.0307,69.151,33.5,51,18,3.22,PK,1690727199
384,castro,-24.7911,-50.0119,14.420000000000016,73,65,2.04,BR,1690727194
385,tandalti,13.0167,31.8667,31.340000000000032,47,78,4.89,SD,1690727200
386,gizo,-8.103,156.8419,26.54000000000002,83,99,2.93,SB,1690727200
387,lagoa,39.05,-27.9833,23.02000000000004,86,85,4.59,PT,1690727200
388,baijiantan,45.6333,85.1833,33.10000000000002,18,0,3.06,CN,1690727201
389,atagay,55.1033,99.3875,18.810000000000002,74,1,1.4,RU,1690727202
390,ponta delgada,37.7333,-25.6667,24.400000000000034,83,20,7.2,PT,1690727202
391,rawson,-43.3002,-65.1023,12.660000000000025,47,91,9.23,AR,1690727203
392,tselinnoye,53.0833,85.6667,21.230000000000018,70,80,2.13,RU,1690727203
393,kalabo,-14.97,22.6814,31.439999999999998,13,68,3.61,ZM,1690727204
394,nyaunglebin,17.95,96.7333,25.090000000000032,95,100,3.99,MM,1690727204
395,port hawkesbury,45.6169,-61.3485,19.77000000000004,87,40,2.57,CA,1690727205
396,gubkinskiy,64.434,76.5026,22.58000000000004,66,43,5.07,RU,1690727205
397,selenginsk,52.0064,106.8647,24.230000000000018,78,100,1.67,RU,1690727206
398,tautira,-17.7333,-149.15,25.30000000000001,75,99,8.56,PF,1690727206
399,port keats,-14.25,129.55,22.28000000000003,81,76,1.91,AU,1690727207
400,caluquembe,-13.7833,14.6833,28.05000000000001,15,3,1.61,AO,1690727207
401,teya,60.3778,92.6267,17.670000000000016,98,100,0.49,RU,1690727208
402,abu road,24.4833,72.7833,27.970000000000027,79,78,4.33,IN,1690727208
403,steinbach,50.1667,8.5667,23.689999999999998,51,20,8.23,DE,1690727209
404,namerikawa,36.7667,137.3333,28.510000000000048,74,3,1.41,JP,1690727209
405,kutum,14.2,24.6667,23.920000000000016,69,100,6.07,SD,1690727210
406,araceli,10.5529,119.9913,28.150000000000034,78,100,5.5,PH,1690727210
407,kalianget,-7.05,113.9333,25.930000000000007,77,24,6.38,ID,1690727211
408,hervey bay,-25.2986,152.8535,17.30000000000001,73,28,0.52,AU,1690727211
409,vao,-22.6667,167.4833,18.890000000000043,73,21,6.62,NC,1690727212
410,tunceli,39.1083,39.5471,34.25,13,0,2.9,TR,1690727212
411,requena,39.4883,-1.1004,26.960000000000036,16,0,2.96,ES,1690727212
412,berlevag,70.8578,29.0864,12.890000000000043,100,100,4.12,NO,1690727213
413,meulaboh,4.1363,96.1285,25.620000000000005,86,100,0.69,ID,1690727214
414,russkiy kameshkir,52.8589,46.0892,15.670000000000016,95,100,6.72,RU,1690727214
415,ocampo,21.65,-101.5,13.640000000000043,85,97,2.74,MX,1690727214
416,northam,51.0333,-4.2167,20.370000000000005,96,99,10.68,GB,1690727215
417,agadir,30.4202,-9.5982,28.25,44,15,4.52,MA,1690727216
418,sokoni,-6.4333,39.55,27.920000000000016,70,37,6.25,TZ,1690727216
419,dakoro,14.5106,6.765,37.28000000000003,30,17,3.64,NE,1690727217
420,kahului,20.8947,-156.47,25.470000000000027,74,0,4.12,US,1690727217
421,rudbar,30.15,62.6,41.210000000000036,8,0,10.39,AF,1690727218
422,albanel,48.8832,-72.4487,18.08000000000004,82,100,1.03,CA,1690727120
423,miri,4.4148,114.0089,28.08000000000004,94,20,0.51,MY,1690726976
424,pindi gheb,33.2402,72.2661,35.78000000000003,40,0,0.73,PK,1690727219
425,pisco,-13.7,-76.2167,19.03000000000003,77,100,3.09,PE,1690727220
426,camocim,-2.9022,-40.8411,31.960000000000036,50,4,4.52,BR,1690727220
427,liverpool,53.4106,-2.9779,19.52000000000004,68,75,4.63,GB,1690727004
428,pointe michel,15.25,-61.3833,30.52000000000004,62,75,3.09,DM,1690727221
429,segou,13.4317,-6.2157,34.670000000000016,39,62,1.84,ML,1690727222
430,pangai,-19.8,-174.35,22.02000000000004,62,83,7.12,TO,1690727222
431,sopron,47.685,16.5905,26.99000000000001,55,93,4.45,HU,1690727223
432,dumai,1.6833,101.45,25.150000000000034,94,92,1.67,ID,1690727224
433,balotra,25.8333,72.2333,32.450000000000045,57,83,8.65,IN,1690727224
434,chikitigarh,19.2,84.6167,30.230000000000018,69,100,3.14,IN,1690727225
435,jiayuguan,39.8167,98.3,26.730000000000018,26,100,9.32,CN,1690727026
436,ayagoz,47.9714,80.4392,28.650000000000034,28,15,0.87,KZ,1690727226
437,rancho palos verdes,33.7445,-118.387,23.08000000000004,93,75,2.06,US,1690727226
438,sibolga,1.7427,98.7792,25.360000000000014,89,37,1.08,ID,1690727227
439,zabaykalsk,49.6333,117.3167,22.870000000000005,54,74,3.48,RU,1690727227
440,nathdwara,24.9333,73.8167,27.55000000000001,81,71,5.39,IN,1690727228
441,alihe,50.5667,123.7167,18.900000000000034,73,15,0.8,CN,1690727228
442,el oro,26.8667,-105.85,19.54000000000002,46,92,2.27,MX,1690727229
443,kjollefjord,70.9457,27.3465,11.03000000000003,100,100,2.57,NO,1690727230
444,nizhniy baskunchak,48.2198,46.8311,30.450000000000045,24,2,7.01,RU,1690727230
445,haines junction,60.7522,-137.5108,6.970000000000027,93,72,0.51,CA,1690727231
446,ardakan,32.31,54.0175,40.210000000000036,11,0,6.06,IR,1690727231
447,lewiston,44.1003,-70.2148,20.79000000000002,66,100,4.63,US,1690727154
448,japura,-0.3167,102.35,24.810000000000002,88,47,1.45,ID,1690727232
449,mananjary,-21.2167,48.3333,22.220000000000027,70,0,3.53,MG,1690727233
450,zhigalovo,54.8097,105.1578,19.590000000000032,71,96,0.88,RU,1690727233
451,kavaratti,10.5669,72.642,28.170000000000016,77,4,6.58,IN,1690727234
452,maturin,9.75,-63.1767,29.140000000000043,70,99,1.67,VE,1690726936
453,hirara,24.8,125.2833,28.920000000000016,89,40,3.09,JP,1690727235
454,husavik,66.0449,-17.3389,12.090000000000032,80,100,1.9,IS,1690727235
455,kapit,2.0167,112.9333,25.80000000000001,79,100,0.65,MY,1690727235
456,ishinomaki,38.4167,141.3,25.140000000000043,89,98,2.1,JP,1690727236
457,palmdale,34.5794,-118.1165,27.49000000000001,34,0,2.57,US,1690727226
458,vardo,70.3705,31.1107,10.990000000000009,93,75,4.63,NO,1690727237
459,tiarei,-17.5333,-149.3333,24.010000000000048,79,96,8.88,PF,1690727237
460,garden city,42.3256,-83.331,23.950000000000045,64,75,2.06,US,1690727238
461,albacete,38.8333,-2.0,35.660000000000025,20,0,2.57,ES,1690727239
462,saint anthony,45.0205,-93.218,21.950000000000045,68,0,3.09,US,1690727240
463,khvastovichi,53.4694,35.0941,24.27000000000004,38,38,3.39,RU,1690727240
464,podgorenskiy,50.405,39.6429,25.49000000000001,47,47,4.45,RU,1690727240
465,katangli,51.7102,143.2326,12.150000000000034,99,100,1.86,RU,1690727241
466,inhambane,-23.865,35.3833,24.99000000000001,73,20,6.69,MZ,1690727242
467,auki,-8.7676,160.7034,23.930000000000007,96,100,1.82,SB,1690727242
468,turukhansk,65.8167,87.9833,22.760000000000048,63,100,3.14,RU,1690727242
469,urucui,-7.2294,-44.5561,35.170000000000016,29,5,4.65,BR,1690727243
470,nalut,30.3333,10.85,45.360000000000014,6,1,5.17,LY,1690727243
471,otradnoye,59.7775,30.8181,23.860000000000014,38,29,1.92,RU,1690727244
472,belaya gora,68.5333,146.4167,2.8700000000000045,85,24,4.37,RU,1690727244
473,lorengau,-2.0226,147.2712,27.410000000000025,77,7,3.06,PG,1690727245
474,maniitsoq,65.4167,-52.9,5.230000000000018,87,96,4.97,GL,1690727245
475,murray bridge,-35.1167,139.2667,13.960000000000036,93,0,3.07,AU,1690727246
476,belmonte,-15.8631,-38.8828,23.510000000000048,81,100,3.19,BR,1690727247
477,dakar,14.6937,-17.4441,30.07000000000005,66,40,8.75,SN,1690727099
478,adrar,20.5022,-10.0711,39.620000000000005,19,69,6.6,MR,1690727249
479,lubao,14.9167,120.55,25.840000000000032,90,100,1.94,PH,1690727249
480,awbari,26.5921,12.7805,43.31,7,0,3.21,LY,1690727250
481,shache,38.4167,77.2406,29.890000000000043,23,86,2.92,CN,1690727250
482,elk city,35.412,-99.4043,29.970000000000027,48,0,3.09,US,1690727100
483,petropavlovskoye,52.0712,84.107,23.610000000000014,57,42,1.33,RU,1690727251
484,naryan-mar,67.6713,53.087,29.24000000000001,52,11,6.18,RU,1690727251
485,jimenez,28.3333,-105.4,25.04000000000002,44,90,1.77,MX,1690727252
486,kisanga,-7.4362,37.7034,30.660000000000025,39,18,1.24,TZ,1690727252
487,madison,34.7334,-86.5667,26.33000000000004,77,40,1.54,US,1690726996
488,bengkulu,-3.8004,102.2655,25.379999999999995,88,100,4.05,ID,1690727010
489,bukama,-9.2,25.85,36.80000000000001,12,18,1.43,CD,1690727254
490,coos bay,43.3665,-124.2179,13.850000000000023,94,75,0.0,US,1690727032
491,aranos,-24.1333,19.1167,13.730000000000018,21,0,4.85,NA,1690727255
492,kulevcha,46.0303,29.9361,29.110000000000014,39,10,7.2,UA,1690727255
493,bom jesus do itabapoana,-21.1339,-41.6797,18.83000000000004,80,100,1.61,BR,1690727255
494,goma,-1.6792,29.2228,24.32000000000005,50,79,0.53,CD,1690727256
495,sorland,67.667,12.6934,12.920000000000016,84,49,6.82,NO,1690727257
496,morant bay,17.8815,-76.4093,32.79000000000002,71,9,6.0,JM,1690727257
497,ipixuna,-1.7625,-48.8043,32.28000000000003,52,2,2.13,BR,1690727258
498,yate,51.5407,-2.4184,17.810000000000002,94,100,1.79,GB,1690727258
499,jaca,42.569,-0.5499,28.950000000000045,47,51,3.5,ES,1690727258
500,zavodoukovsk,56.5042,66.5515,22.75,69,80,3.05,RU,1690727259
501,bonthe,7.5264,-12.505,26.689999999999998,79,100,4.17,SL,1690727259
502,luwuk,-0.9516,122.7875,24.650000000000034,85,87,2.12,ID,1690727260
503,agnibilekrou,7.1344,-3.2047,26.010000000000048,89,100,1.17,CI,1690727260
504,general cepeda,25.3833,-101.45,23.930000000000007,61,5,1.57,MX,1690727261
505,san juan,-31.5375,-68.5364,17.189999999999998,35,100,3.41,AR,1690727027
506,port hardy,50.6996,-127.4199,12.100000000000023,100,75,1.03,CA,1690727159
507,madimba,-10.4,40.3333,27.620000000000005,54,20,6.17,TZ,1690727262
508,moyale,3.5167,39.0584,24.879999999999995,47,98,5.51,KE,1690727263
509,banjar,-8.19,114.9675,23.5,90,24,2.57,ID,1690727263
510,mecca,21.4267,39.8261,40.84000000000003,13,53,6.66,SA,1690727177
511,raton,36.9034,-104.4391,17.340000000000032,68,20,0.0,US,1690727264
512,codrington,-38.2667,141.9667,7.689999999999998,86,0,5.91,AU,1690727264
513,pangody,65.85,74.4859,19.100000000000023,76,100,5.46,RU,1690727265
514,saint-pierre,-21.3393,55.4781,21.82000000000005,64,0,7.2,RE,1690727266
515,nouadhibou,20.931,-17.0347,25.99000000000001,65,13,7.2,MR,1690727266
516,omsk,55.0,73.4,22.939999999999998,56,40,5.0,RU,1690727266
517,maningrida,-12.0667,134.2667,21.170000000000016,80,100,3.31,AU,1690727267
518,bereda,43.2686,-7.5406,26.430000000000007,26,6,1.39,ES,1690727267
519,laramie,41.3114,-105.5911,24.32000000000005,56,0,2.06,US,1690727090
520,ocos,14.5094,-92.1933,27.100000000000023,73,89,0.87,GT,1690727268
521,inuvik,68.3499,-133.7218,17.480000000000018,77,0,2.57,CA,1690727269
522,mayo,38.8876,-76.5119,26.180000000000007,65,0,4.12,US,1690727269
523,dicabisagan,17.0818,122.4157,26.129999999999995,92,100,2.5,PH,1690727270
524,redditch,52.3065,-1.9457,17.430000000000007,91,100,1.79,GB,1690727270
525,idritsa,56.3316,28.8988,20.920000000000016,58,100,2.61,RU,1690727271
526,deyang,31.1302,104.382,27.05000000000001,78,80,0.46,CN,1690727271
527,zephyrhills,28.2336,-82.1812,32.84000000000003,76,40,3.6,US,1690727271
528,mezhdurechensk,53.6942,88.0603,19.450000000000045,83,33,1.55,RU,1690727272
529,atascadero,35.4894,-120.6707,23.53000000000003,35,100,2.17,US,1690727272
530,nizhniy tsasuchey,50.5167,115.1333,25.660000000000025,39,80,4.32,RU,1690727273
531,kumano,34.3442,132.5894,27.510000000000048,89,100,1.07,JP,1690727273
532,hambantota,6.1241,81.1185,29.189999999999998,70,20,3.09,LK,1690727274
533,havoysund,70.9963,24.6622,11.129999999999995,96,100,2.83,NO,1690727274
534,lata,40.1629,-8.3327,29.160000000000025,43,0,5.58,PT,1690727275
535,fukue,32.6881,128.8419,27.850000000000023,77,76,2.32,JP,1690727275
536,herat,34.5,62.0,33.05000000000001,9,0,10.8,AF,1690727276
537,harrison,30.4091,-89.0436,31.04000000000002,70,0,4.63,US,1690727088
538,aykhal,66.0,111.5,18.58000000000004,46,3,2.64,RU,1690727277
539,goderich,43.7501,-81.7165,22.170000000000016,68,0,4.12,CA,1690727277
540,miraflores,19.2167,-98.8083,15.57000000000005,83,92,1.6,MX,1690727278
541,tura,25.5198,90.2201,26.110000000000014,88,17,1.2,IN,1690727278
542,nemuro,43.3236,145.575,20.090000000000032,87,95,5.77,JP,1690727278
543,liku,-0.7275,119.8922,24.32000000000005,86,99,1.49,ID,1690727279
544,uchaly,54.2996,59.4521,24.960000000000036,48,98,4.08,RU,1690727279
545,xichang,27.8964,102.2634,20.960000000000036,86,54,1.46,CN,1690727225
546,coihaique,-45.5752,-72.0662,4.970000000000027,87,75,1.54,CL,1690727280
547,aklavik,68.2191,-135.0107,18.0,82,0,3.09,CA,1690727281
548,alegrete,-29.7831,-55.7919,16.600000000000023,53,4,2.78,BR,1690727281
549,kuryk,43.2,51.65,31.30000000000001,34,10,8.21,KZ,1690727282
550,yaan,7.3833,8.5667,28.950000000000045,70,94,2.8,NG,1690727282
551,presidencia roque saenz pena,-26.7852,-60.4388,21.460000000000036,58,0,4.36,AR,1690727283
552,honiara,-9.4333,159.95,24.810000000000002,95,100,3.53,SB,1690727283
553,rio negrinho,-26.2544,-49.5183,13.300000000000011,59,0,0.93,BR,1690727284
554,choix,26.7092,-108.3219,25.79000000000002,78,13,1.49,MX,1690727285
555,coahuayana,18.7333,-103.6833,28.53000000000003,70,56,1.28,MX,1690727285
556,young,-32.6833,-57.6333,14.670000000000016,63,65,3.52,UY,1690727286
557,kirensk,57.7853,108.1119,17.75,93,4,1.84,RU,1690727286
558,catia la mar,10.6038,-67.0303,31.939999999999998,84,40,3.09,VE,1690727287
559,marand,38.4329,45.7749,30.920000000000016,36,4,7.97,IR,1690727287
560,maragogi,-9.0122,-35.2225,26.590000000000032,72,18,4.43,BR,1690727288
561,kupang,-10.1667,123.5833,24.57000000000005,79,76,6.01,ID,1690727288
562,owando,-0.4819,15.8999,35.79000000000002,30,92,1.29,CG,1690727289
563,south bradenton,27.4631,-82.5818,33.31,66,0,0.85,US,1690727290
564,basco,20.4487,121.9702,28.210000000000036,81,100,1.47,PH,1690727290
565,diapaga,12.0708,1.7889,34.79000000000002,42,99,1.21,BF,1690727291
566,manaure,11.7751,-72.4445,30.710000000000036,62,36,8.97,CO,1690727291
567,teguldet,57.3064,88.1667,18.189999999999998,92,100,0.97,RU,1690727292
568,yamada,39.4667,141.95,24.82000000000005,76,62,2.41,JP,1690727292
569,christchurch,-43.5333,172.6333,6.060000000000002,88,100,2.06,NZ,1690727293
570,yumen,40.2833,97.2,25.910000000000025,25,100,8.81,CN,1690727294
